Date,Open,High,Low,Close,Volume,Ex-Dividend,Split Ratio,Adj. Open,Adj. High,Adj. Low,Adj. Close,Adj. Volume
2015-01-02,94.91,95.28,92.8486,93.75,5846978.0,0.0,1.0,94.30547770700599,94.67312101910801,92.257207643312,93.152866242038,5846978.0
2015-01-05,93.25,93.35,91.78,92.38,7770421.0,0.0,1.0,92.656050955414,92.755414012739,91.195414012739,91.791592356688,7770421.0
2015-01-06,92.64,93.191,91.15700000000001,91.89,6783217.0,0.0,1.0,92.049936305732,92.59742675159201,90.576382165605,91.304713375796,6783217.0
2015-01-08,93.87,94.3,93.555,93.79,7561109.0,0.0,1.0,93.272101910828,93.699363057325,92.959108280255,93.192611464968,7561109.0
2015-01-12,94.68,94.76,93.77,94.46,6557551.0,0.0,1.0,94.076942675159,94.156433121019,93.17273885350299,93.858343949045,6557551.0
2015-01-13,95.28,96.43,94.7,95.19,9350064.0,0.0,1.0,94.67312101910801,95.815796178344,94.096815286624,94.58369426751601,9350064.0
2015-01-14,94.13,94.8,93.29,94.23,6461328.0,0.0,1.0,93.53044585987301,94.196178343949,92.695796178344,93.629808917197,6461328.0
2015-01-15,94.66,94.96,94.04,94.35,5650015.0,0.0,1.0,94.057070063694,94.355159235669,93.44101910828002,93.749044585987,5650015.0
2015-01-20,95.22,95.39,93.75,94.74,7933459.0,0.0,1.0,94.613503184713,94.78242038216601,93.152866242038,94.136560509554,7933459.0
2015-01-21,94.36,94.7,93.82,94.17,7074819.0,0.0,1.0,93.75898089171999,94.096815286624,93.222420382166,93.570191082803,7074819.0
2015-01-22,94.58,95.39,94.01,95.15,7012744.0,0.0,1.0,93.977579617834,94.78242038216601,93.41121019108299,94.54394904458599,7012744.0
2015-01-23,94.92,95.53,94.43,94.72,4659808.0,0.0,1.0,94.31541401273898,94.92152866241999,93.828535031847,94.11668789808901,4659808.0
2015-01-26,94.45,95.0,93.93,94.97,5442991.0,0.0,1.0,93.848407643312,94.394904458599,93.33171974522301,94.365095541401,5442991.0
2015-01-28,94.14,94.47,92.61,92.67,6177608.0,0.0,1.0,93.540382165605,93.86828025477699,92.020127388535,92.07974522293001,6177608.0
2015-01-29,93.1,93.5,91.52,93.22,7667868.0,0.0,1.0,92.50700636942699,92.90445859872601,90.937070063694,92.62624203821699,7667868.0
2015-01-30,92.41,92.9375,90.83,90.96,10187705.0,0.0,1.0,91.821401273885,92.34554140127399,90.251464968153,90.380636942675,10187705.0
2015-02-02,91.28,92.05,90.06,91.93,9357680.0,0.0,1.0,90.698598726115,91.463694267516,89.48636942675199,91.344458598726,9357680.0
2015-02-03,92.48,94.11,92.19,94.1,11436423.0,0.0,1.0,91.890955414013,93.510573248408,91.60280254777099,93.500636942675,11436423.0
2015-02-04,99.37,101.94,98.82,101.28,32561319.0,0.0,1.0,98.737070063694,101.29070063694,98.19057324840799,100.6349044586,32561319.0
2015-02-06,102.53,102.99,101.65,102.02,8458923.0,0.0,1.0,101.87694267516,102.33401273885,101.00254777069999,101.3701910828,8458923.0
2015-02-09,101.7,102.5,101.45,101.73,5457564.0,0.0,1.0,101.05222929936,101.84713375796,100.80382165604999,101.08203821656001,5457564.0
2015-02-10,101.98,102.19,101.18,101.92,5719483.0,0.0,1.0,101.33044585987,101.53910828024999,100.53554140127,101.27082802548,5719483.0
2015-02-11,101.86,102.02,101.07,101.87,5856663.0,0.0,1.0,101.21121019108,101.3701910828,100.42624203821998,101.22114649682,5856663.0
2015-02-12,102.19,103.85,101.7,103.58,6803413.0,0.0,1.0,101.53910828024999,103.18853503185,101.05222929936,102.92025477706999,6803413.0
2015-02-13,103.65,104.405,103.43,104.17,5167274.0,0.0,1.0,102.9898089172,103.74,102.77121019108,103.50649681528999,5167274.0
2015-02-17,104.25,104.45,103.57,104.12,4753087.0,0.0,1.0,103.58598726115,103.7847133758,102.91031847134,103.45681528661999,4753087.0
2015-02-18,103.53,104.33,103.4,103.86,3734816.0,0.0,1.0,102.87057324841,103.66547770701,102.74140127389,103.19847133758002,3734816.0
2015-02-19,104.01,104.08,103.55,103.89,5092633.0,0.0,1.0,103.34751592357,103.41707006368999,102.89044585987,103.22828025478,5092633.0
2015-02-20,103.86,104.69,102.7302,104.55,5177766.0,0.0,1.0,103.19847133758002,104.02318471338002,102.07586751592,103.88407643312,5177766.0
2015-02-23,104.82,105.23,104.44,104.99,5300761.0,0.0,1.0,104.15235668790001,104.55974522293002,103.77477707006001,104.32127388535,5300761.0
2015-02-24,104.54,105.05,104.35,104.67,4099123.0,0.0,1.0,103.87414012739,104.38089171975001,103.68535031847,104.00331210191,4099123.0
2015-02-25,104.68,105.98,104.67,105.57,6547113.0,0.0,1.0,104.01324840764,105.30496815286999,104.00331210191,104.89757961783,6547113.0
2015-02-26,105.5,105.71,104.14,104.56,5044894.0,0.0,1.0,104.82802547771,105.03668789809,103.47668789809,103.89401273885001,5044894.0
2015-02-27,104.67,105.1396,103.96,104.08,4161516.0,0.0,1.0,104.00331210191,104.46992101910999,103.2978343949,103.41707006368999,4161516.0
2015-03-02,104.35,105.98,104.35,105.89,5626445.0,0.0,1.0,103.68535031847,105.30496815286999,103.68535031847,105.21554140126999,5626445.0
2015-03-03,105.78,106.64,105.21,106.35,4671924.0,0.0,1.0,105.10624203821999,105.96076433121,104.53987261146,105.67261146497,4671924.0
2015-03-04,105.86,106.0,104.78,105.57,4972667.0,0.0,1.0,105.18573248408,105.32484076433,104.11261146497,104.89757961783,4972667.0
2015-03-05,105.54,105.81,104.87,105.03,3954726.0,0.0,1.0,104.86777070064001,105.13605095541,104.20203821656,104.36101910828,3954726.0
2015-03-06,104.67,105.0,103.49,103.82,5704232.0,0.0,1.0,104.00331210191,104.33121019108,102.83082802548,103.15872611465001,5704232.0
2015-03-09,103.94,105.42,103.82,105.26,4868861.0,0.0,1.0,103.27796178344,104.74853503185,103.15872611465001,104.58955414013,4868861.0
2015-03-10,104.27,104.35,103.09,103.09,6472601.0,0.0,1.0,103.60585987261,103.68535031847,102.43337579618,102.43337579618,6472601.0
2015-03-11,103.51,103.9999,102.865,102.89,4822763.0,0.0,1.0,102.85070063694,103.33748025478,102.2098089172,102.23464968153,4822763.0
2015-03-12,103.85,107.33,103.81,107.17,10590488.0,0.0,1.0,103.18853503185,106.64636942675,103.14878980892,106.48738853503001,10590488.0
2015-03-13,107.28,107.28,105.52,106.44,7999532.0,0.0,1.0,106.59668789809,106.59668789809,104.84789808917,105.76203821656,7999532.0
2015-03-16,106.84,107.73,106.05,107.37,6317176.0,0.0,1.0,106.15949044586,107.04382165605,105.37452229299,106.68611464968001,6317176.0
2015-03-17,107.0,107.21,106.15,106.96,4488612.0,0.0,1.0,106.31847133758001,106.52713375796,105.47388535031999,106.27872611465,4488612.0
2015-03-18,106.9,108.42,105.73,107.97,5486736.0,0.0,1.0,106.21910828025,107.72942675159,105.05656050955,107.28229299363001,5486736.0
2015-03-19,107.84,108.48,107.14,107.37,4872724.0,0.0,1.0,107.15312101910999,107.78904458599001,106.45757961783,106.68611464968001,4872724.0
2015-03-20,107.83,108.94,107.5,108.43,8493501.0,0.0,1.0,107.14318471338001,108.24611464968001,106.8152866242,107.73936305732,8493501.0
2015-03-23,108.6,108.85,108.04,108.22,5169797.0,0.0,1.0,107.90828025478001,108.15668789809,107.35184713375999,107.53070063694,5169797.0
2015-03-24,107.72,108.05,107.08,107.11,4470223.0,0.0,1.0,107.03388535031999,107.36178343949,106.39796178344,106.42777070064001,4470223.0
2015-03-25,107.45,107.4599,105.0,105.0,6580084.0,0.0,1.0,106.76560509554001,106.77544203821999,104.33121019108,104.33121019108,6580084.0
2015-03-26,104.47,105.82,104.1,105.24,5904804.0,0.0,1.0,103.80458598726,105.14598726115,103.43694267515998,104.56968152866,5904804.0
2015-03-27,105.2,106.45,104.88,105.48,5298532.0,0.0,1.0,104.52993630573,105.77197452229,104.21197452229,104.80815286624001,5298532.0
2015-03-30,106.06,106.945,106.05,106.12,3811120.0,0.0,1.0,105.38445859873,106.26382165605,105.37452229299,105.44407643312,3811120.0
2015-03-31,105.6,106.32,104.89,104.89,5655079.0,0.0,1.0,104.92738853503,105.64280254777,104.22191082803002,104.22191082803002,5655079.0
2015-04-01,105.43,106.0,104.25,105.44,6094791.0,0.0,1.0,104.75847133758002,105.32484076433,103.58598726115,104.76840764331,6094791.0
2015-04-02,105.49,106.24,104.863,106.0,3621838.0,0.0,1.0,104.81808917196999,105.56331210191,104.19508280254999,105.32484076433,3621838.0
2015-04-06,105.31,106.57,105.04,105.63,4153418.0,0.0,1.0,104.63923566879,105.89121019107999,104.37095541400998,104.95719745222999,4153418.0
2015-04-07,105.8,106.41,105.4,105.43,4562347.0,0.0,1.0,105.12611464968,105.73222929935999,104.72866242038,104.75847133758002,4562347.0
2015-04-08,105.23,106.69,105.16,106.36,4267118.0,0.0,1.0,104.55974522293002,106.01044585986999,104.49019108280001,105.6825477707,4267118.0
2015-04-09,106.51,107.0,105.88,106.77,3920637.0,0.0,1.0,105.83159235669001,106.31847133758001,105.20560509554001,106.08993630573,3920637.0
2015-04-10,106.73,107.1,106.41,106.95,3250296.0,0.0,1.0,106.05019108280001,106.4178343949,105.73222929935999,106.26878980892,3250296.0
2015-04-13,107.07,107.9,106.47,106.51,4127169.0,0.0,1.0,106.38802547771,107.2127388535,105.79184713376,105.83159235669001,4127169.0
2015-04-14,106.41,107.3,106.11,106.66,5366587.0,0.0,1.0,105.73222929935999,106.61656050955,105.43414012739001,105.98063694268,5366587.0
2015-04-15,106.92,107.43,106.86,106.98,4307265.0,0.0,1.0,106.23898089171999,106.74573248408001,106.17936305732,106.29859872611,4307265.0
2015-04-16,107.15,108.3,106.9,108.1,6338533.0,0.0,1.0,106.46751592357,107.6101910828,106.21910828025,107.41146496815,6338533.0
2015-04-17,107.8,107.8,106.04,106.69,7916838.0,0.0,1.0,107.11337579618,107.11337579618,105.36458598726,106.01044585986999,7916838.0
2015-04-20,107.83,108.5,107.32,108.22,8084502.0,0.0,1.0,107.14318471338001,107.80891719745001,106.63643312101999,107.53070063694,8084502.0
2015-04-21,108.93,108.99,107.58,107.68,4559360.0,0.0,1.0,108.23617834395,108.29579617834,106.89477707006,106.99414012739,4559360.0
2015-04-22,108.02,108.25,106.97,107.94,4059025.0,0.0,1.0,107.33197452229,107.56050955414,106.28866242038,107.25248407643,4059025.0
2015-04-23,107.96,109.9,107.61,109.0,5975337.0,0.0,1.0,107.27235668790001,109.2,106.92458598726,108.30573248408001,5975337.0
2015-04-24,109.53,110.48,109.19,109.53,6191406.0,0.0,1.0,108.8323566879,109.77630573248001,108.49452229299,108.8323566879,6191406.0
2015-04-27,111.5,111.66,110.07,110.16,8461942.0,0.0,1.0,110.78980891719999,110.94878980892,109.36891719745,109.45834394904,8461942.0
2015-04-28,110.75,111.1499,108.89,109.92,7285956.0,0.0,1.0,110.04458598726002,110.4419388535,108.19643312102,109.21987261146,7285956.0
2015-04-29,109.66,110.38,109.26,109.81,5966118.0,0.0,1.0,108.96152866241998,109.67694267515999,108.56407643312001,109.11057324840999,5966118.0
2015-04-30,109.68,110.19,107.68,108.72,7584798.0,0.0,1.0,108.98140127389,109.48815286624,106.99414012739,108.02751592357001,7584798.0
2015-05-01,109.95,110.67,109.27,110.52,6172870.0,0.0,1.0,109.24968152865999,109.96509554139999,108.57401273885,109.81605095541,6172870.0
2015-05-04,111.48,111.53,110.5,111.03,7527249.0,0.0,1.0,110.76993630573,110.81961783438999,109.79617834395,110.32280254777001,7527249.0
2015-05-05,113.27,113.3,110.56,110.81,14610817.0,0.0,1.0,112.54853503185,112.57834394903999,109.85579617834,110.10420382166001,14610817.0
2015-05-06,111.56,111.96,109.22,109.72,8969943.0,0.0,1.0,110.84942675158999,111.24687898088999,108.52433121019001,109.02114649682,8969943.0
2015-05-07,109.6,109.78,108.715,109.26,8290227.0,0.0,1.0,108.90191082803001,109.08076433121,108.0225477707,108.56407643312001,8290227.0
2015-05-08,110.26,110.7,109.57,110.11,6259191.0,0.0,1.0,109.55770700637,109.9949044586,108.87210191083,109.40866242038,6259191.0
2015-05-11,110.14,110.14,108.49,108.6,6726429.0,0.0,1.0,109.43847133758001,109.43847133758001,107.79898089171999,107.90828025478001,6726429.0
2015-05-12,108.28,109.66,107.67,109.24,6344998.0,0.0,1.0,107.59031847134001,108.96152866241998,106.98420382166,108.54420382166,6344998.0
2015-05-13,109.7,109.87,108.78,109.19,4105913.0,0.0,1.0,109.00127388535,109.1701910828,108.08713375795999,108.49452229299,4105913.0
2015-05-14,109.69,110.0,109.01,109.93,4661702.0,0.0,1.0,108.99133757962,109.29936305732001,108.31566878980999,109.22980891719999,4661702.0
2015-05-15,110.1,110.69,109.68,110.3,5837237.0,0.0,1.0,109.39872611465,109.98496815286998,108.98140127389,109.5974522293,5837237.0
2015-05-18,110.47,110.74,110.01,110.33,4863551.0,0.0,1.0,109.76636942674999,110.03464968153,109.30929936305999,109.62726114649999,4863551.0
2015-05-19,110.69,110.9899,110.4705,110.56,4463846.0,0.0,1.0,109.98496815286998,110.28295796178001,109.76686624204001,109.85579617834,4463846.0
2015-05-20,110.78,110.81,110.02,110.2,4391394.0,0.0,1.0,110.07439490446001,110.10420382166001,109.31923566879,109.49808917196998,4391394.0
2015-05-21,110.04,110.64,109.9,110.39,4867594.0,0.0,1.0,109.33910828025,109.9352866242,109.2,109.68687898089,4867594.0
2015-05-22,110.3,110.9,110.1203,110.26,4255908.0,0.0,1.0,109.5974522293,110.19363057325,109.41889681529,109.55770700637,4255908.0
2015-05-26,110.17,110.85,108.76,109.44,5966924.0,0.0,1.0,109.46828025478001,110.14394904459,108.0672611465,108.74292993631,5966924.0
2015-05-27,109.51,110.61,109.3,110.37,3967950.0,0.0,1.0,108.81248407643,109.90547770701001,108.60382165605,109.66700636943001,3967950.0
2015-05-28,110.11,110.54,109.6,110.53,3385681.0,0.0,1.0,109.40866242038,109.83592356688,108.90191082803001,109.82598726115,3385681.0
2015-05-29,110.33,110.52,109.41,110.37,5220830.0,0.0,1.0,109.62726114649999,109.81605095541,108.71312101910999,109.66700636943001,5220830.0
2015-06-01,111.48,111.77,110.55,110.96,6758605.0,0.0,1.0,110.76993630573,111.05808917196998,109.84585987260999,110.25324840764,6758605.0
2015-06-02,110.92,111.25,110.02,110.75,4410138.0,0.0,1.0,110.21350318471,110.54140127389,109.31923566879,110.04458598726002,4410138.0
2015-06-03,111.28,111.82,110.5,111.17,4502494.0,0.0,1.0,110.57121019108,111.10777070063999,109.79617834395,110.46191082803001,4502494.0
2015-06-04,110.95,111.25,109.99,110.3,5560121.0,0.0,1.0,110.24331210191002,110.54140127389,109.28942675159,109.5974522293,5560121.0
2015-06-05,110.3,110.77,109.8,110.3,4312506.0,0.0,1.0,109.5974522293,110.06445859873001,109.10063694268,109.5974522293,4312506.0
2015-06-08,110.03,110.24,109.21,109.29,6062252.0,0.0,1.0,109.32917197452,109.5378343949,108.51439490445999,108.59388535032,6062252.0
2015-06-09,109.35,109.41,107.65,108.52,7711756.0,0.0,1.0,108.65350318471,108.71312101910999,106.96433121019001,107.82878980892,7711756.0
2015-06-10,108.9,110.25,108.73,110.0,5128742.0,0.0,1.0,108.20636942674999,109.54777070064002,108.0374522293,109.29936305732001,5128742.0
2015-06-11,110.01,110.96,110.01,110.62,5036279.0,0.0,1.0,109.30929936305999,110.25324840764,109.30929936305999,109.91541401274,5036279.0
2015-06-12,110.33,110.53,109.54,109.95,4009859.0,0.0,1.0,109.62726114649999,109.82598726115,108.84229299363001,109.24968152865999,4009859.0
2015-06-15,109.27,110.41,108.93,110.18,4444327.0,0.0,1.0,108.57401273885,109.70675159236,108.23617834395,109.47821656051,4444327.0
2015-06-16,110.35,111.29,109.9,111.06,3843784.0,0.0,1.0,109.64713375795999,110.58114649682,109.2,110.35261146497,3843784.0
2015-06-17,111.2,111.94,110.88,111.49,4634984.0,0.0,1.0,110.49171974522,111.22700636943001,110.17375796178001,110.77987261146002,4634984.0
2015-06-18,111.83,113.55,111.58,113.22,7035466.0,0.0,1.0,111.11770700637,112.82675159236,110.86929936306002,112.49885350318,7035466.0
2015-06-19,112.83,113.48,112.4,112.62,9485131.0,0.0,1.0,112.11133757962,112.75719745223,111.68407643312,111.90267515924,9485131.0
2015-06-22,113.4,114.47,113.274,113.53,5897675.0,0.0,1.0,112.67770700636999,113.74089171975001,112.55250955414,112.80687898088999,5897675.0
2015-06-23,113.93,114.52,113.72,114.41,5762590.0,0.0,1.0,113.20433121018999,113.79057324841001,112.99566878981001,113.68127388535,5762590.0
2015-06-24,114.3,114.56,113.71,113.77,5513809.0,0.0,1.0,113.57197452228998,113.83031847134,112.98573248408,113.04535031847,5513809.0
2015-06-25,114.62,115.275,114.39,114.45,6194118.0,0.0,1.0,113.88993630573,114.54076433121,113.66140127389,113.72101910828,6194118.0
2015-06-26,114.97,115.18,114.41,114.86,5406840.0,0.0,1.0,114.23770700636999,114.44636942675,113.68127388535,114.12840764331001,5406840.0
2015-06-29,114.16,115.19,113.0,113.05,7510628.0,0.0,1.0,113.43286624203999,114.45630573248,112.28025477706998,112.32993630573,7510628.0
2015-06-30,113.93,114.86,113.55,114.32,5492245.0,0.0,1.0,113.20433121018999,114.12840764331001,112.82675159236,113.59184713376001,5492245.0
2015-07-01,114.95,115.25,114.34,115.13,5340072.0,0.0,1.0,114.2178343949,114.51592356687999,113.61171974522,114.39668789808998,5340072.0
2015-07-02,115.38,115.67,114.45,114.97,5521022.0,0.0,1.0,114.6450955414,114.93324840764,113.72101910828,114.23770700636999,5521022.0
2015-07-06,114.47,115.86,114.27,115.7,5862765.0,0.0,1.0,113.74089171975001,115.12203821656,113.5421656051,114.96305732484,5862765.0
2015-07-07,116.42,117.19,114.86,117.1,8321873.0,0.0,1.0,115.67847133758,116.44356687898001,114.12840764331001,116.35414012738998,8321873.0
2015-07-08,116.5,116.68,115.11,115.19,7843354.0,0.0,1.0,115.75796178344,115.93681528661999,114.37681528661999,114.45630573248,7843354.0
2015-07-09,116.83,117.21,115.51,115.6,7011341.0,0.0,1.0,116.08585987261002,116.46343949045,114.77426751591999,114.86369426751999,7011341.0
2015-07-10,117.05,117.43,115.67,116.44,7019433.0,0.0,1.0,116.30445859873001,116.68203821656,114.93324840764,115.69834394904,7019433.0
2015-07-14,118.03,118.1399,117.7,117.85,5049038.0,0.0,1.0,117.27821656051,117.38741656051,116.95031847133998,117.09936305732,5049038.0
2015-07-15,118.04,118.9,117.85,118.3,4838359.0,0.0,1.0,117.28815286623998,118.14267515924,117.09936305732,117.54649681529,4838359.0
2015-07-16,119.0,119.15,119.15,119.07,6293481.0,0.0,1.0,118.24203821656,118.39108280254999,118.39108280254999,118.31159235668999,6293481.0
2015-07-17,118.69,118.9,118.03,118.86,5106156.0,0.0,1.0,117.93401273885,118.14267515924,117.27821656051,118.10292993631,5106156.0
2015-07-20,119.29,119.9,118.89,119.58,6611434.0,0.0,1.0,118.5301910828,119.13630573248001,118.1327388535,118.81834394904,6611434.0
2015-07-21,119.76,119.8,118.83,119.31,4375365.0,0.0,1.0,118.99719745223,119.03694267516,118.07312101911002,118.55006369427,4375365.0
2015-07-22,119.28,119.7,118.93,119.33,4711827.0,0.0,1.0,118.52025477707,118.93757961783001,118.17248407643,118.56993630573,4711827.0
2015-07-23,119.3,119.6699,118.57,118.8,3304638.0,0.0,1.0,118.54012738853999,118.90767133758001,117.81477707006,118.04331210191002,3304638.0
2015-07-24,119.35,119.8,118.58,118.91,4084334.0,0.0,1.0,118.58980891719999,119.03694267516,117.8247133758,118.15261146497,4084334.0
2015-07-27,118.63,118.8,117.78,118.25,5174760.0,0.0,1.0,117.87439490446,118.04331210191002,117.02980891719999,117.49681528661999,5174760.0
2015-07-28,118.68,118.9,117.87,118.46,6366111.0,0.0,1.0,117.92407643312,118.14267515924,117.11923566879,117.70547770701,6366111.0
2015-07-29,118.85,119.86,118.41,119.84,6062569.0,0.0,1.0,118.09299363056999,119.09656050955,117.65579617834,119.07668789808999,6062569.0
2015-07-30,119.71,120.35,119.01,120.03,4412443.0,0.0,1.0,118.94751592357001,119.58343949045,118.25197452228998,119.26547770701,4412443.0
2015-07-31,120.12,120.72,119.5994,120.0,5691513.0,0.0,1.0,119.3549044586,119.95108280254999,118.83762038216999,119.23566878981,5691513.0
2015-08-03,120.88,121.73,120.17,121.12,8323295.0,0.0,1.0,120.11006369427,120.95464968153,119.40458598726002,120.34853503184999,8323295.0
2015-08-04,121.5,122.08,120.61,121.69,10018275.0,0.0,1.0,120.72611464968,121.30242038216998,119.84178343948999,120.9149044586,10018275.0
2015-08-05,110.83,113.95,109.5,110.53,60905927.0,0.0,1.0,110.12407643312001,113.22420382166,108.8025477707,109.82598726115,60905927.0
2015-08-06,110.4,110.4,104.24,108.55,57099291.0,0.0,1.0,109.69681528662,109.69681528662,103.57605095541,107.85859872611,57099291.0
2015-08-07,108.75,109.5598,107.66,109.35,15771626.0,0.0,1.0,108.05732484076,108.86196687898001,106.97426751591999,108.65350318471,15771626.0
2015-08-10,110.0,111.0,109.74,111.0,11477444.0,0.0,1.0,109.29936305732001,110.29299363057,109.04101910828001,110.29299363057,11477444.0
2015-08-11,110.34,110.49,107.95,108.0,13528523.0,0.0,1.0,109.63719745223,109.78624203821998,107.26242038216999,107.31210191083001,13528523.0
2015-08-12,107.0,107.44,105.51,106.99,16923515.0,0.0,1.0,106.31847133758001,106.75566878980999,104.83796178344,106.30853503185,16923515.0
2015-08-13,107.21,108.51,106.75,107.52,9698456.0,0.0,1.0,106.52713375796,107.81885350318001,106.07006369427,106.83515923566999,9698456.0
2015-08-14,107.61,107.67,106.52,107.16,7088664.0,0.0,1.0,106.92458598726,106.98420382166,105.84152866241999,106.4774522293,7088664.0
2015-08-17,107.3,109.28,106.84,109.05,7922329.0,0.0,1.0,106.61656050955,108.58394904459,106.15949044586,108.35541401274,7922329.0
2015-08-18,108.04,108.25,106.8,106.94,11968986.0,0.0,1.0,107.35184713375999,107.56050955414,106.11974522293,106.25885350318,11968986.0
2015-08-19,106.58,107.75,105.7701,106.45,9420801.0,0.0,1.0,105.90114649681999,107.06369426751999,105.09640509554,105.77197452229,9420801.0
2015-08-20,104.34,105.0,99.76,100.02,34534486.0,0.0,1.0,103.67541401274,104.33121019108,99.12458598726101,99.382929936306,34534486.0
2015-08-21,97.5,100.63,96.61,98.84,30804382.0,0.0,1.0,96.87898089171999,99.989044585987,95.99464968152901,98.210445859873,30804382.0
2015-08-24,93.38,99.995,90.0,96.07,21946543.0,0.0,1.0,92.78522292993601,99.358089171975,89.42675159235701,95.458089171975,21946543.0
2015-08-25,99.73,100.09,95.72,95.89,18960963.0,0.0,1.0,99.094777070064,99.452484076433,95.110318471338,95.27923566879,18960963.0
2015-08-26,98.69,99.49,96.26,99.23,13691213.0,0.0,1.0,98.061401273885,98.856305732484,95.64687898089198,98.59796178344,13691213.0
2015-08-27,101.24,102.62,99.78,102.17,17378305.0,0.0,1.0,100.59515923567,101.96636942674999,99.144458598726,101.51923566879,17378305.0
2015-08-28,102.39,103.34,101.81,102.48,10992121.0,0.0,1.0,101.73783439489999,102.68178343948999,101.16152866241998,101.82726114649999,10992121.0
2015-08-31,102.22,102.46,100.91,101.88,8513824.0,0.0,1.0,101.56891719745,101.80738853503,100.26726114649999,101.23108280254999,8513824.0
2015-09-01,99.49,101.3396,99.1578,99.51,14169541.0,0.0,1.0,98.856305732484,100.69412484076,98.526221656051,98.876178343949,14169541.0
2015-09-02,100.75,101.94,99.55,101.89,12109705.0,0.0,1.0,100.10828025478001,101.29070063694,98.915923566879,101.24101910828001,12109705.0
2015-09-03,102.2,103.03,101.46,101.99,8930570.0,0.0,1.0,101.54904458599,102.37375796178002,100.81375796178001,101.34038216561,8930570.0
2015-09-04,100.96,101.82,100.36,100.97,9189146.0,0.0,1.0,100.31694267515999,101.17146496815,99.72076433121,100.32687898089,9189146.0
2015-09-08,102.95,104.15,102.515,104.01,8501389.0,0.0,1.0,102.29426751591998,103.48662420382,101.86203821656,103.34751592357,8501389.0
2015-09-09,104.75,104.95,101.68,101.91,9577524.0,0.0,1.0,104.08280254777,104.28152866241999,101.0323566879,101.26089171975,9577524.0
2015-09-10,101.85,103.22,101.331,102.6,9025537.0,0.0,1.0,101.20127388535,102.5625477707,100.68557961783002,101.94649681528999,9025537.0
2015-09-11,102.35,104.5,102.2,104.48,9528234.0,0.0,1.0,101.69808917196998,103.83439490446,101.54904458599,103.81452229298999,9528234.0
2015-09-14,104.65,104.9,102.99,103.82,6955563.0,0.0,1.0,103.98343949045,104.23184713376,102.33401273885,103.15872611465001,6955563.0
2015-09-15,103.25,103.8,101.83,103.43,9153475.0,0.0,1.0,102.59235668790001,103.13885350318,101.18140127389,102.77121019108,9153475.0
2015-09-16,103.32,104.07,102.75,103.96,6499506.0,0.0,1.0,102.66191082803002,103.40713375796,102.09554140126998,103.2978343949,6499506.0
2015-09-17,104.2,105.95,103.75,104.2,7645635.0,0.0,1.0,103.53630573248002,105.27515923566999,103.08917197452,103.53630573248002,7645635.0
2015-09-18,103.2,104.21,102.39,102.84,13423099.0,0.0,1.0,102.54267515923999,103.54624203821999,101.73783439489999,102.18496815286998,13423099.0
2015-09-21,103.68,103.83,102.46,103.41,7134907.0,0.0,1.0,103.01961783439,103.16866242038,101.80738853503,102.75133757962,7134907.0
2015-09-22,102.18,102.75,101.48,102.49,8300473.0,0.0,1.0,101.52917197452,102.09554140126998,100.83363057325,101.83719745223,8300473.0
2015-09-23,102.44,102.63,101.38,101.57,5807007.0,0.0,1.0,101.78751592357,101.97630573248001,100.73426751592,100.92305732484002,5807007.0
2015-09-24,101.0,101.33,99.24,100.62,10599712.0,0.0,1.0,100.35668789809,100.68458598726,98.607898089172,99.97910828025499,10599712.0
2015-09-25,101.51,101.8,99.58,100.3,7155145.0,0.0,1.0,100.86343949045,101.15159235669,98.945732484076,99.661146496815,7155145.0
2015-09-28,99.9,100.39,98.295,98.49,8190734.0,0.0,1.0,99.263694267516,99.75057324840799,97.66891719745199,97.86267515923599,8190734.0
2015-09-29,98.51,100.06,97.77,99.42,9432438.0,0.0,1.0,97.88254777070101,99.422675159236,97.147261146497,98.786751592357,9432438.0
2015-09-30,100.78,102.43,100.5,102.2,9125415.0,0.0,1.0,100.13808917196998,101.77757961783001,99.859872611465,101.54904458599,9125415.0
2015-10-01,102.97,103.47,101.08,102.67,7487998.0,0.0,1.0,102.31414012739,102.81095541401,100.43617834395,102.01605095541001,7487998.0
2015-10-02,101.21,103.01,99.88,103.0,9079282.0,0.0,1.0,100.56535031847,102.35388535032,99.24382165605101,102.34394904458999,9079282.0
2015-10-05,103.7,104.196,102.6101,103.85,7044842.0,0.0,1.0,103.03949044586001,103.53233121019001,101.95653248408001,103.18853503185,7044842.0
2015-10-06,104.19,104.51,103.21,103.77,5597584.0,0.0,1.0,103.52636942675,103.84433121019,102.55261146497,103.10904458599,5597584.0
2015-10-07,104.49,104.59,102.66,103.39,6947193.0,0.0,1.0,103.82445859873,103.92382165605,102.00611464968,102.73146496815001,6947193.0
2015-10-08,103.2,104.89,102.7,104.61,7419812.0,0.0,1.0,102.54267515923999,104.22191082803002,102.04585987261,103.94369426751999,7419812.0
2015-10-09,105.09,106.05,104.67,105.56,7312394.0,0.0,1.0,104.42063694267999,105.37452229299,104.00331210191,104.8876433121,7312394.0
2015-10-12,105.91,106.7,105.62,106.35,5179044.0,0.0,1.0,105.23541401274001,106.02038216560999,104.9472611465,105.67261146497,5179044.0
2015-10-13,105.74,107.39,105.31,106.59,8295031.0,0.0,1.0,105.06649681529,106.70598726115,104.63923566879,105.91108280255,8295031.0
2015-10-14,106.5,106.85,105.23,105.73,5464706.0,0.0,1.0,105.82165605096,106.16942675159001,104.55974522293002,105.05656050955,5464706.0
2015-10-15,106.5,108.0,106.26,107.89,6698064.0,0.0,1.0,105.82165605096,107.31210191083001,105.58318471338,107.20280254777,6698064.0
2015-10-16,108.27,108.5,107.46,108.24,5739595.0,0.0,1.0,107.58038216560999,107.80891719745001,106.77554140126999,107.55057324840999,5739595.0
2015-10-19,108.25,109.97,107.94,109.47,7974890.0,0.0,1.0,107.56050955414,109.26955414013001,107.25248407643,108.7727388535,7974890.0
2015-10-20,109.55,110.53,109.41,109.84,9542378.0,0.0,1.0,108.85222929935999,109.82598726115,108.71312101910999,109.14038216560999,9542378.0
2015-10-21,110.67,111.56,110.01,110.09,8769847.0,0.0,1.0,109.96509554139999,110.84942675158999,109.30929936305999,109.38878980892,8769847.0
2015-10-22,110.67,113.35,110.39,113.25,9844696.0,0.0,1.0,109.96509554139999,112.62802547771001,109.68687898089,112.52866242038,9844696.0
2015-10-23,114.21,114.21,111.85,113.09,7919680.0,0.0,1.0,113.4825477707,113.4825477707,111.13757961783001,112.36968152866001,7919680.0
2015-10-26,113.07,113.58,112.12,113.52,5722775.0,0.0,1.0,112.3498089172,112.85656050955,111.40585987261002,112.79694267516001,5722775.0
2015-10-27,113.29,114.26799999999999,113.245,113.77,5728853.0,0.0,1.0,112.56840764331001,113.54017834395,112.52369426751999,113.04535031847,5728853.0
2015-10-28,113.97,114.46,112.86,114.34,6438416.0,0.0,1.0,113.24407643312,113.73095541401001,112.14114649681999,113.61171974522,6438416.0
2015-10-29,114.34,115.4,114.2,115.04,6067108.0,0.0,1.0,113.61171974522,114.66496815286999,113.47261146497,114.3072611465,6067108.0
2015-10-30,115.0,115.2399,113.67,113.74,8360131.0,0.0,1.0,114.26751592357,114.50588789808998,112.94598726115,113.01554140126999,8360131.0
2015-11-02,114.49,115.31,114.01,115.04,6935799.0,0.0,1.0,113.76076433121,114.57554140126999,113.28382165605,114.3072611465,6935799.0
2015-11-03,114.97,116.4,114.54,115.54,7062751.0,0.0,1.0,114.23770700636999,115.65859872611,113.81044585987,114.80407643312,7062751.0
2015-11-04,116.64,116.83,110.81,113.25,20690818.0,0.0,1.0,115.89707006369,116.08585987261002,110.10420382166001,112.52866242038,20690818.0
2015-11-05,113.26,113.93,111.6001,113.0,12599962.0,0.0,1.0,112.53859872611,113.20433121018999,110.88927133758001,112.28025477706998,12599962.0
2015-11-06,114.6,116.75,114.57,115.67,16624801.0,0.0,1.0,113.87006369427,116.00636942675,113.84025477706999,114.93324840764,16624801.0
2015-11-09,115.9,116.73,115.18,116.42,9277142.0,0.0,1.0,115.16178343949,115.98649681529,114.44636942675,115.67847133758,9277142.0
2015-11-10,116.17,117.51,115.51,117.42,8123730.0,0.0,1.0,115.43006369427,116.76152866241999,114.77426751591999,116.67210191083001,8123730.0
2015-11-11,117.55,117.58,116.43,116.52,6346138.0,0.0,1.0,116.80127388535,116.83108280254999,115.68840764331001,115.7778343949,6346138.0
2015-11-12,115.6,116.99,115.0,116.21,7101004.0,0.0,1.0,114.86369426751999,116.24484076433001,114.26751592357,115.4698089172,7101004.0
2015-11-13,115.92,116.42,114.38,114.84,7881739.0,0.0,1.0,115.18165605096,115.67847133758,113.65146496815001,114.10853503185,7881739.0
2015-11-16,113.47,116.08,113.335,115.92,5743775.0,0.0,1.0,112.7472611465,115.34063694267999,112.61312101911001,115.18165605096,5743775.0
2015-11-17,116.11,117.55,115.51,116.13,6409536.0,0.0,1.0,115.37044585986999,116.80127388535,114.77426751591999,115.39031847134,6409536.0
2015-11-18,116.22,118.28,116.05,118.14,6544055.0,0.0,1.0,115.47974522293,117.52662420382,115.31082802548,117.38751592357,6544055.0
2015-11-19,118.15,119.1598,117.64,118.71,6096984.0,0.0,1.0,117.3974522293,118.40082038217,116.89070063693998,117.95388535032,6096984.0
2015-11-20,119.11,120.25,118.9,120.07,9869987.0,0.0,1.0,118.35133757962,119.48407643312001,118.14267515924,119.30522292994,9869987.0
2015-11-23,120.3,120.65,119.0,119.42,6980344.0,0.0,1.0,119.53375796178001,119.88152866241998,118.24203821656,118.65936305732001,6980344.0
2015-11-24,117.9,118.57,117.28,117.95,8100965.0,0.0,1.0,117.14904458598998,117.81477707006,116.53299363056999,117.19872611465,8100965.0
2015-11-25,118.29,119.338,118.15,118.67,4728518.0,0.0,1.0,117.53656050955,118.57788535032,117.3974522293,117.91414012738998,4728518.0
2015-11-27,116.0,116.5,113.7,115.13,14911383.0,0.0,1.0,115.26114649681999,115.75796178344,112.97579617833999,114.39668789808998,14911383.0
2015-11-30,115.56,115.58,113.31,113.47,16210045.0,0.0,1.0,114.82394904459,114.84382165605,112.58828025478,112.7472611465,16210045.0
2015-12-01,114.15,115.46,113.66,115.39,8786969.0,0.0,1.0,113.42292993631,114.72458598726001,112.93605095541001,114.65503184713002,8786969.0
2015-12-02,115.39,115.47,113.83,114.0,7735891.0,0.0,1.0,114.65503184713002,114.73452229299,113.10496815286999,113.27388535032,7735891.0
2015-12-03,114.17,114.65100000000001,111.44,111.89,10424436.0,0.0,1.0,113.44280254777,113.9207388535,110.7301910828,111.17732484076001,10424436.0
2015-12-04,112.74,114.305,112.53,114.24,8741160.0,0.0,1.0,112.02191082803002,113.57694267516001,111.81324840764,113.51235668790001,8741160.0
2015-12-07,114.56,114.56,112.65,113.83,6597008.0,0.0,1.0,113.83031847134,113.83031847134,111.93248407643,113.10496815286999,6597008.0
2015-12-08,113.35,113.45,112.4,112.48,7437786.0,0.0,1.0,112.62802547771001,112.72738853503,111.68407643312,111.76356687898,7437786.0
2015-12-09,112.39,113.0612,110.58,111.47,9022974.0,0.0,1.0,111.67414012738999,112.34106496815001,109.87566878980999,110.76,9022974.0
2015-12-10,111.15,111.58,110.17,110.76,6954487.0,0.71,1.0,111.15,111.58,110.17,110.76,6954487.0
2015-12-11,109.91,109.95,107.6177,108.04,12253961.0,0.0,1.0,109.91,109.95,107.6177,108.04,12253961.0
2015-12-14,108.68,109.87,108.2792,109.35,9596933.0,0.0,1.0,108.68,109.87,108.2792,109.35,9596933.0
2015-12-15,112.05,113.345,111.5801,112.16,13260921.0,0.0,1.0,112.05,113.345,111.5801,112.16,13260921.0
2015-12-16,114.69,114.75,111.8,113.79,12193091.0,0.0,1.0,114.69,114.75,111.8,113.79,12193091.0
2015-12-17,114.13,114.48,111.98,112.01,9296716.0,0.0,1.0,114.13,114.48,111.98,112.01,9296716.0
2015-12-18,112.01,112.44,107.35,107.72,27617492.0,0.0,1.0,112.01,112.44,107.35,107.72,27617492.0
2015-12-21,108.8,110.1,105.33,106.59,22726955.0,0.0,1.0,108.8,110.1,105.33,106.59,22726955.0
2015-12-22,106.99,107.2,105.83,106.74,8514164.0,0.0,1.0,106.99,107.2,105.83,106.74,8514164.0
2015-12-23,107.21,107.24,104.3,105.56,12319505.0,0.0,1.0,107.21,107.24,104.3,105.56,12319505.0
2015-12-24,105.2,106.64,105.06,105.86,4356093.0,0.0,1.0,105.2,106.64,105.06,105.86,4356093.0
2015-12-28,106.5,108.2,106.33,107.25,8787250.0,0.0,1.0,106.5,108.2,106.33,107.25,8787250.0
2015-12-29,107.88,108.04,106.45,107.08,8569766.0,0.0,1.0,107.88,108.04,106.45,107.08,8569766.0
2015-12-30,106.89,107.21,106.25,106.34,4903401.0,0.0,1.0,106.89,107.21,106.25,106.34,4903401.0
2015-12-31,106.14,106.31,105.06,105.08,6609538.0,0.0,1.0,106.14,106.31,105.06,105.08,6609538.0
2016-01-04,103.12,103.43,101.73,102.98,12462520.0,0.0,1.0,103.12,103.43,101.73,102.98,12462520.0
2016-01-05,102.67,102.67,99.89,100.9,15828554.0,0.0,1.0,102.67,102.67,99.89,100.9,15828554.0
2016-01-06,99.38,101.46,99.36,100.36,13886647.0,0.0,1.0,99.38,101.46,99.36,100.36,13886647.0
2016-01-07,98.96,101.35,98.52,99.5,14670264.0,0.0,1.0,98.96,101.35,98.52,99.5,14670264.0
2016-01-08,100.63,100.915,99.0,99.25,10603883.0,0.0,1.0,100.63,100.915,99.0,99.25,10603883.0
2016-01-11,100.21,100.45,98.55,99.92,9558621.0,0.0,1.0,100.21,100.45,98.55,99.92,9558621.0
2016-01-12,100.97,101.85,100.34,101.46,8728468.0,0.0,1.0,100.97,101.85,100.34,101.46,8728468.0
2016-01-13,101.88,101.88,98.12,98.48,11471973.0,0.0,1.0,101.88,101.88,98.12,98.48,11471973.0
2016-01-14,98.65,99.91,97.19,99.11,11076547.0,0.0,1.0,98.65,99.91,97.19,99.11,11076547.0
2016-01-15,95.62,96.88,93.46,93.9,22135482.0,0.0,1.0,95.62,96.88,93.46,93.9,22135482.0
2016-01-19,95.0,95.07,93.03,93.97,13210538.0,0.0,1.0,95.0,95.07,93.03,93.97,13210538.0
2016-01-20,92.18,93.64,90.42,92.54,16865851.0,0.0,1.0,92.18,93.64,90.42,92.54,16865851.0
2016-01-21,92.87,94.86,92.3,94.02,12047890.0,0.0,1.0,92.87,94.86,92.3,94.02,12047890.0
2016-01-22,95.95,97.42,95.55,96.9,12250656.0,0.0,1.0,95.95,97.42,95.55,96.9,12250656.0
2016-01-25,96.42,96.68,95.1204,95.29,7768759.0,0.0,1.0,96.42,96.68,95.1204,95.29,7768759.0
2016-01-26,95.49,96.4261,95.09,96.27,6895010.0,0.0,1.0,95.49,96.4261,95.09,96.27,6895010.0
2016-01-27,96.31,96.63,93.87,94.32,6292095.0,0.0,1.0,96.31,96.63,93.87,94.32,6292095.0
2016-01-28,95.2,95.2,92.37,93.53,7275614.0,0.0,1.0,95.2,95.2,92.37,93.53,7275614.0
2016-01-29,94.21,95.82,93.63,95.82,8071741.0,0.0,1.0,94.21,95.82,93.63,95.82,8071741.0
2016-02-01,95.08,95.71,94.7,95.15,6994205.0,0.0,1.0,95.08,95.71,94.7,95.15,6994205.0
2016-02-02,94.0,94.17,92.8663,93.12,7101405.0,0.0,1.0,94.0,94.17,92.8663,93.12,7101405.0
2016-02-03,94.1,95.41,92.42,95.14,10860674.0,0.0,1.0,94.1,95.41,92.42,95.14,10860674.0
2016-02-04,94.87,96.73,94.6,95.43,8207904.0,0.0,1.0,94.87,96.73,94.6,95.43,8207904.0
2016-02-05,95.32,95.39,93.47,93.9,8823003.0,0.0,1.0,95.32,95.39,93.47,93.9,8823003.0
2016-02-08,92.56,92.96,89.51,92.12,13658358.0,0.0,1.0,92.56,92.96,89.51,92.12,13658358.0
2016-02-09,90.15,93.2,89.04,92.32,15166949.0,0.0,1.0,90.15,93.2,89.04,92.32,15166949.0
2016-02-10,88.0,90.03,86.25,88.85,32573476.0,0.0,1.0,88.0,90.03,86.25,88.85,32573476.0
2016-02-11,87.0,91.06,86.96,90.31,17332287.0,0.0,1.0,87.0,91.06,86.96,90.31,17332287.0
2016-02-12,91.52,91.59,89.61,91.15,10754720.0,0.0,1.0,91.52,91.59,89.61,91.15,10754720.0
2016-02-16,92.47,93.31,91.79,92.91,8965770.0,0.0,1.0,92.47,93.31,91.79,92.91,8965770.0
2016-02-17,93.67,96.44,93.56,95.5,12288206.0,0.0,1.0,93.67,96.44,93.56,95.5,12288206.0
2016-02-18,96.34,96.45,94.45,95.17,8727183.0,0.0,1.0,96.34,96.45,94.45,95.17,8727183.0
2016-02-19,95.23,95.72,94.56,95.01,6664359.0,0.0,1.0,95.23,95.72,94.56,95.01,6664359.0
2016-02-22,96.23,97.0,95.86,96.37,6932010.0,0.0,1.0,96.23,97.0,95.86,96.37,6932010.0
2016-02-23,96.5,96.82,95.15,95.38,6181572.0,0.0,1.0,96.5,96.82,95.15,95.38,6181572.0
2016-02-24,94.65,95.75,93.23,95.43,6913044.0,0.0,1.0,94.65,95.75,93.23,95.43,6913044.0
2016-02-25,95.92,95.95,94.35,95.65,4536895.0,0.0,1.0,95.92,95.95,94.35,95.65,4536895.0
2016-02-26,95.71,96.22,95.28,95.31,5264576.0,0.0,1.0,95.71,96.22,95.28,95.31,5264576.0
2016-02-29,95.31,96.29,95.23,95.52,6620228.0,0.0,1.0,95.31,96.29,95.23,95.52,6620228.0
2016-03-01,95.9,97.66,95.53,97.65,7117954.0,0.0,1.0,95.9,97.66,95.53,97.65,7117954.0
2016-03-02,97.67,97.83,96.41,97.0,6443649.0,0.0,1.0,97.67,97.83,96.41,97.0,6443649.0
2016-03-03,97.79,98.84,96.89,98.82,8536136.0,0.0,1.0,97.79,98.84,96.89,98.82,8536136.0
2016-03-04,99.0,99.21,97.9,98.48,6702983.0,0.0,1.0,99.0,99.21,97.9,98.48,6702983.0
2016-03-07,98.57,99.71,98.48,99.39,7174224.0,0.0,1.0,98.57,99.71,98.48,99.39,7174224.0
2016-03-08,98.93,98.98,97.6,97.82,6156707.0,0.0,1.0,98.93,98.98,97.6,97.82,6156707.0
2016-03-09,98.0,98.24,96.81,97.66,7009199.0,0.0,1.0,98.0,98.24,96.81,97.66,7009199.0
2016-03-11,97.57,98.35,97.54,97.94,5560559.0,0.0,1.0,97.57,98.35,97.54,97.94,5560559.0
2016-03-14,97.94,99.2199,97.84,98.81,6157431.0,0.0,1.0,97.94,99.2199,97.84,98.81,6157431.0
2016-03-15,98.02,98.33,97.39,98.24,5895632.0,0.0,1.0,98.02,98.33,97.39,98.24,5895632.0
2016-03-16,98.16,99.08,97.47,98.44,5997626.0,0.0,1.0,98.16,99.08,97.47,98.44,5997626.0
2016-03-17,98.28,99.91,98.28,99.6,6384279.0,0.0,1.0,98.28,99.91,98.28,99.6,6384279.0
2016-03-18,99.98,100.15,98.96,99.2,10204581.0,0.0,1.0,99.98,100.15,98.96,99.2,10204581.0
2016-03-21,98.92,99.1199,97.7,98.46,7070113.0,0.0,1.0,98.92,99.1199,97.7,98.46,7070113.0
2016-03-22,97.59,98.32,97.44,97.58,6475422.0,0.0,1.0,97.59,98.32,97.44,97.58,6475422.0
2016-03-23,97.72,97.845,96.75,96.83,5517292.0,0.0,1.0,97.72,97.845,96.75,96.83,5517292.0
2016-03-24,96.55,97.49,96.3,97.22,5547427.0,0.0,1.0,96.55,97.49,96.3,97.22,5547427.0
2016-03-28,97.5,98.46,97.45,98.09,5297108.0,0.0,1.0,97.5,98.46,97.45,98.09,5297108.0
2016-03-29,98.0,98.37,97.36200000000001,98.16,5124275.0,0.0,1.0,98.0,98.37,97.36200000000001,98.16,5124275.0
2016-03-30,98.9,99.09,98.345,98.91,5649702.0,0.0,1.0,98.9,99.09,98.345,98.91,5649702.0
2016-03-31,99.01,100.37,99.01,99.31,6973989.0,0.0,1.0,99.01,100.37,99.01,99.31,6973989.0
2016-04-01,98.8,99.3399,98.58,99.07,5869145.0,0.0,1.0,98.8,99.3399,98.58,99.07,5869145.0
2016-04-04,99.3,99.44,98.58,98.68,4991513.0,0.0,1.0,99.3,99.44,98.58,98.68,4991513.0
2016-04-05,96.85,97.61,96.15,97.0,10769621.0,0.0,1.0,96.85,97.61,96.15,97.0,10769621.0
2016-04-06,96.96,97.63,96.83,97.48,6934393.0,0.0,1.0,96.96,97.63,96.83,97.48,6934393.0
2016-04-07,97.11,97.42,95.92,96.16,7502232.0,0.0,1.0,97.11,97.42,95.92,96.16,7502232.0
2016-04-08,96.63,96.84,95.8,96.42,6968255.0,0.0,1.0,96.63,96.84,95.8,96.42,6968255.0
2016-04-11,96.93,97.6399,96.195,96.27,5889041.0,0.0,1.0,96.93,97.6399,96.195,96.27,5889041.0
2016-04-12,96.28,97.53,96.07,97.35,6213379.0,0.0,1.0,96.28,97.53,96.07,97.35,6213379.0
2016-04-13,98.03,99.81,97.96,99.465,7271502.0,0.0,1.0,98.03,99.81,97.96,99.465,7271502.0
2016-04-14,99.79,99.866,98.26,98.63,6641905.0,0.0,1.0,99.79,99.866,98.26,98.63,6641905.0
2016-04-15,98.5,98.8899,98.18,98.59,6117101.0,0.0,1.0,98.5,98.8899,98.18,98.59,6117101.0
2016-04-18,99.6,101.95,99.5,101.48,10650376.0,0.0,1.0,99.6,101.95,99.5,101.48,10650376.0
2016-04-19,102.0,103.64,101.925,102.64,10494908.0,0.0,1.0,102.0,103.64,101.925,102.64,10494908.0
2016-04-20,103.02,103.48,101.96,103.27,7676634.0,0.0,1.0,103.02,103.48,101.96,103.27,7676634.0
2016-04-21,103.36,104.12,102.65,102.91,6802556.0,0.0,1.0,103.36,104.12,102.65,102.91,6802556.0
2016-04-22,103.06,103.99,102.93,103.77,5702168.0,0.0,1.0,103.06,103.99,102.93,103.77,5702168.0
2016-04-25,103.5,104.62,103.35,104.57,6065318.0,0.0,1.0,103.5,104.62,103.35,104.57,6065318.0
2016-04-26,104.58,105.57,104.18,104.89,6436346.0,0.0,1.0,104.58,105.57,104.18,104.89,6436346.0
2016-04-27,105.19,105.6,104.76,105.28,5994523.0,0.0,1.0,105.19,105.6,104.76,105.28,5994523.0
2016-04-28,104.54,105.49,103.8,104.03,5569766.0,0.0,1.0,104.54,105.49,103.8,104.03,5569766.0
2016-04-29,103.95,104.21,102.4,103.26,6953954.0,0.0,1.0,103.95,104.21,102.4,103.26,6953954.0
2016-05-02,103.3,104.57,102.8,104.36,5271738.0,0.0,1.0,103.3,104.57,102.8,104.36,5271738.0
2016-05-03,103.88,103.99,103.19,103.78,6218006.0,0.0,1.0,103.88,103.99,103.19,103.78,6218006.0
2016-05-04,103.31,104.48,103.2,103.67,6423645.0,0.0,1.0,103.31,104.48,103.2,103.67,6423645.0
2016-05-05,103.98,105.125,103.45,104.93,6418015.0,0.0,1.0,103.98,105.125,103.45,104.93,6418015.0
2016-05-06,104.51,105.74,104.39,105.54,7383571.0,0.0,1.0,104.51,105.74,104.39,105.54,7383571.0
2016-05-09,106.01,106.68,104.97,105.34,8048288.0,0.0,1.0,106.01,106.68,104.97,105.34,8048288.0
2016-05-10,105.53,106.75,105.45,106.6,10761794.0,0.0,1.0,105.53,106.75,105.45,106.6,10761794.0
2016-05-11,101.46,102.5,100.62,102.29,26932746.0,0.0,1.0,101.46,102.5,100.62,102.29,26932746.0
2016-05-12,102.5,102.85,101.125,101.71,11222049.0,0.0,1.0,102.5,102.85,101.125,101.71,11222049.0
2016-05-13,101.71,102.04,100.36,100.52,9314119.0,0.0,1.0,101.71,102.04,100.36,100.52,9314119.0
2016-05-16,100.41,100.67,99.37,100.36,9087461.0,0.0,1.0,100.41,100.67,99.37,100.36,9087461.0
2016-05-17,100.79,101.29,99.55,99.94,8509954.0,0.0,1.0,100.79,101.29,99.55,99.94,8509954.0
2016-05-18,99.59,99.77,98.36,99.0,9302900.0,0.0,1.0,99.59,99.77,98.36,99.0,9302900.0
2016-05-19,98.58,98.61,97.51,98.41,7050300.0,0.0,1.0,98.58,98.61,97.51,98.41,7050300.0
2016-05-20,99.0,99.93,98.77,99.78,7289997.0,0.0,1.0,99.0,99.93,98.77,99.78,7289997.0
2016-05-23,99.6,100.33,99.12,99.18,5453443.0,0.0,1.0,99.6,100.33,99.12,99.18,5453443.0
2016-05-24,99.45,100.04,99.38,99.51,5246309.0,0.0,1.0,99.45,100.04,99.38,99.51,5246309.0
2016-05-25,99.92,100.8,99.81,99.86,5665181.0,0.0,1.0,99.92,100.8,99.81,99.86,5665181.0
